combined_state,meaning,drain_class,climate_landuse,is_drained,is_ag,land_use,ef_co2_n2o_tco2e_ha_yr
0,non_peat,non_peat,,0,0,,0.0
4097,non_peat,non_peat,,0,0,,0.0
4115,peat_drained_primary_infra__tropical_long_rotation,peat_drained_primary_infra,tropical_long_rotation,1,1,Other plantation,56.0793
4116,peat_drained_primary_infra__tropical_short_rotation,peat_drained_primary_infra,tropical_short_rotation,1,1,Other plantation,74.4293
4117,peat_drained_primary_infra__tropical_oil_palm,peat_drained_primary_infra,tropical_oil_palm,1,1,Oil Palm,40.8847
4118,peat_drained_primary_infra__tropical_forest,peat_drained_primary_infra,tropical_forest,1,0,,20.4803
4119,peat_drained_primary_infra__tropical_grassland,peat_drained_primary_infra,tropical_grassland,1,0,,37.3764
4120,peat_drained_primary_infra__tropical_cropland,peat_drained_primary_infra,tropical_cropland,1,1,Cropland,53.5244
4121,peat_drained_primary_infra__tropical_settlement,peat_drained_primary_infra,tropical_settlement,1,0,,37.3764
4122,peat_drained_primary_infra__tropical_wetland,peat_drained_primary_infra,tropical_wetland,1,0,,8.884
4123,peat_drained_primary_infra__tropical_otherland,peat_drained_primary_infra,tropical_otherland,1,0,,37.3764
4126,peat_drained_primary_infra__tropical_coastal_mangrove,peat_drained_primary_infra,tropical_coastal_mangrove,1,0,,0.0
4127,peat_drained_primary_infra__other_domain_coastal_mangrove,peat_drained_primary_infra,other_domain_coastal_mangrove,1,0,,0.0
4131,peat_drained_primary_infra__tropical_coastal_tidal_marsh,peat_drained_primary_infra,tropical_coastal_tidal_marsh,1,0,,0.0
4135,peat_drained_secondary_infra__boreal_forest_poor,peat_drained_secondary_infra,boreal_forest_poor,1,0,,1.0119
4137,peat_drained_secondary_infra__boreal_grassland,peat_drained_secondary_infra,boreal_grassland,1,0,,24.9934
4139,peat_drained_secondary_infra__boreal_settlement,peat_drained_secondary_infra,boreal_settlement,1,0,,24.9934
4140,peat_drained_secondary_infra__boreal_wetland,peat_drained_secondary_infra,boreal_wetland,1,0,,10.4047
4141,peat_drained_secondary_infra__boreal_otherland,peat_drained_secondary_infra,boreal_otherland,1,0,,24.9934
4145,peat_drained_secondary_infra__temperate_grassland_rich,peat_drained_secondary_infra,temperate_grassland_rich,1,0,,25.9038
4149,peat_drained_secondary_infra__temperate_otherland,peat_drained_secondary_infra,temperate_otherland,1,0,,25.9038
4151,peat_drained_secondary_infra__tropical_long_rotation,peat_drained_secondary_infra,tropical_long_rotation,1,1,Other plantation,56.0793
4152,peat_drained_secondary_infra__tropical_short_rotation,peat_drained_secondary_infra,tropical_short_rotation,1,1,Other plantation,74.4293
4153,peat_drained_secondary_infra__tropical_oil_palm,peat_drained_secondary_infra,tropical_oil_palm,1,1,Oil Palm,40.8847
4154,peat_drained_secondary_infra__tropical_forest,peat_drained_secondary_infra,tropical_forest,1,0,,20.4803
4155,peat_drained_secondary_infra__tropical_grassland,peat_drained_secondary_infra,tropical_grassland,1,0,,37.3764
4156,peat_drained_secondary_infra__tropical_cropland,peat_drained_secondary_infra,tropical_cropland,1,1,Cropland,53.5244
4157,peat_drained_secondary_infra__tropical_settlement,peat_drained_secondary_infra,tropical_settlement,1,0,,37.3764
4158,peat_drained_secondary_infra__tropical_wetland,peat_drained_secondary_infra,tropical_wetland,1,0,,8.884
4159,peat_drained_secondary_infra__tropical_otherland,peat_drained_secondary_infra,tropical_otherland,1,0,,37.3764
4162,peat_drained_secondary_infra__tropical_coastal_mangrove,peat_drained_secondary_infra,tropical_coastal_mangrove,1,0,,0.0
4163,peat_drained_secondary_infra__other_domain_coastal_mangrove,peat_drained_secondary_infra,other_domain_coastal_mangrove,1,0,,0.0
4167,peat_drained_secondary_infra__tropical_coastal_tidal_marsh,peat_drained_secondary_infra,tropical_coastal_tidal_marsh,1,0,,0.0
4174,peat_drained_cropland_settlement__boreal_cropland,peat_drained_cropland_settlement,boreal_cropland,1,1,Cropland,34.5685
4175,peat_drained_cropland_settlement__boreal_settlement,peat_drained_cropland_settlement,boreal_settlement,1,0,,24.9934
4182,peat_drained_cropland_settlement__temperate_cropland,peat_drained_cropland_settlement,temperate_cropland,1,1,Cropland,34.5685
4183,peat_drained_cropland_settlement__temperate_settlement,peat_drained_cropland_settlement,temperate_settlement,1,0,,25.9038
4187,peat_drained_cropland_settlement__tropical_long_rotation,peat_drained_cropland_settlement,tropical_long_rotation,1,1,Other plantation,56.0793
4188,peat_drained_cropland_settlement__tropical_short_rotation,peat_drained_cropland_settlement,tropical_short_rotation,1,1,Other plantation,74.4293
4189,peat_drained_cropland_settlement__tropical_oil_palm,peat_drained_cropland_settlement,tropical_oil_palm,1,1,Oil Palm,40.8847
4192,peat_drained_cropland_settlement__tropical_cropland,peat_drained_cropland_settlement,tropical_cropland,1,1,Cropland,53.5244
4193,peat_drained_cropland_settlement__tropical_settlement,peat_drained_cropland_settlement,tropical_settlement,1,0,,37.3764
4198,peat_drained_cropland_settlement__tropical_coastal_mangrove,peat_drained_cropland_settlement,tropical_coastal_mangrove,1,0,,0.0
4199,peat_drained_cropland_settlement__other_domain_coastal_mangrove,peat_drained_cropland_settlement,other_domain_coastal_mangrove,1,0,,0.0
4201,peat_drained_cropland_settlement__boreal_coastal_tidal_marsh,peat_drained_cropland_settlement,boreal_coastal_tidal_marsh,1,0,,0.0
4202,peat_drained_cropland_settlement__temperate_coastal_tidal_marsh,peat_drained_cropland_settlement,temperate_coastal_tidal_marsh,1,0,,0.0
4203,peat_drained_cropland_settlement__tropical_coastal_tidal_marsh,peat_drained_cropland_settlement,tropical_coastal_tidal_marsh,1,0,,0.0
4204,peat_drained_cropland_settlement__other_domain_coastal_tidal_marsh,peat_drained_cropland_settlement,other_domain_coastal_tidal_marsh,1,0,,0.0
4207,peat_drained_plantation__boreal_forest_poor,peat_drained_plantation,boreal_forest_poor,1,0,,1.0119
4209,peat_drained_plantation__boreal_grassland,peat_drained_plantation,boreal_grassland,1,0,,24.9934
4212,peat_drained_plantation__boreal_wetland,peat_drained_plantation,boreal_wetland,1,0,,10.4047
4213,peat_drained_plantation__boreal_otherland,peat_drained_plantation,boreal_otherland,1,0,,24.9934
4215,peat_drained_plantation__temperate_forest,peat_drained_plantation,temperate_forest,1,0,,10.7429
4217,peat_drained_plantation__temperate_grassland_rich,peat_drained_plantation,temperate_grassland_rich,1,0,,25.9038
4220,peat_drained_plantation__temperate_wetland,peat_drained_plantation,temperate_wetland,1,0,,25.9038
4221,peat_drained_plantation__temperate_otherland,peat_drained_plantation,temperate_otherland,1,0,,25.9038
4223,peat_drained_plantation__tropical_long_rotation,peat_drained_plantation,tropical_long_rotation,1,1,Other plantation,56.0793
4224,peat_drained_plantation__tropical_short_rotation,peat_drained_plantation,tropical_short_rotation,1,1,Other plantation,74.4293
4225,peat_drained_plantation__tropical_oil_palm,peat_drained_plantation,tropical_oil_palm,1,1,Oil Palm,40.8847
4234,peat_drained_plantation__tropical_coastal_mangrove,peat_drained_plantation,tropical_coastal_mangrove,1,0,,0.0
4237,peat_drained_plantation__boreal_coastal_tidal_marsh,peat_drained_plantation,boreal_coastal_tidal_marsh,1,0,,0.0
4238,peat_drained_plantation__temperate_coastal_tidal_marsh,peat_drained_plantation,temperate_coastal_tidal_marsh,1,0,,0.0
4239,peat_drained_plantation__tropical_coastal_tidal_marsh,peat_drained_plantation,tropical_coastal_tidal_marsh,1,0,,0.0
4240,peat_drained_plantation__other_domain_coastal_tidal_marsh,peat_drained_plantation,other_domain_coastal_tidal_marsh,1,0,,0.0
4242,peat_drained_extraction__boreal_extraction,peat_drained_extraction,boreal_extraction,1,0,,10.4047
4250,peat_drained_extraction__temperate_extraction,peat_drained_extraction,temperate_extraction,1,0,,10.4047
4273,peat_drained_extraction__boreal_coastal_tidal_marsh,peat_drained_extraction,boreal_coastal_tidal_marsh,1,0,,0.0
4274,peat_drained_extraction__temperate_coastal_tidal_marsh,peat_drained_extraction,temperate_coastal_tidal_marsh,1,0,,0.0
4279,peat_undrained__boreal,peat_undrained,boreal,0,0,,0.0
4280,peat_undrained__temperate,peat_undrained,temperate,0,0,,0.0
4281,peat_undrained__tropical,peat_undrained,tropical,0,0,,0.0
4282,peat_undrained__other_domain,peat_undrained,other_domain,0,0,,0.0
4286,peat_undrained__tropical_coastal_mangrove,peat_undrained,tropical_coastal_mangrove,0,0,,0.0
4287,peat_undrained__other_domain_coastal_mangrove,peat_undrained,other_domain_coastal_mangrove,0,0,,0.0
4289,peat_undrained__boreal_coastal_tidal_marsh,peat_undrained,boreal_coastal_tidal_marsh,0,0,,0.0
4290,peat_undrained__temperate_coastal_tidal_marsh,peat_undrained,temperate_coastal_tidal_marsh,0,0,,0.0
4291,peat_undrained__tropical_coastal_tidal_marsh,peat_undrained,tropical_coastal_tidal_marsh,0,0,,0.0
4292,peat_undrained__other_domain_coastal_tidal_marsh,peat_undrained,other_domain_coastal_tidal_marsh,0,0,,0.0
12583,peat_drained_secondary_infra__boreal_forest_poor,peat_drained_secondary_infra,boreal_forest_poor,1,0,,1.0119
12585,peat_drained_secondary_infra__boreal_grassland,peat_drained_secondary_infra,boreal_grassland,1,0,,24.9934
12587,peat_drained_secondary_infra__boreal_settlement,peat_drained_secondary_infra,boreal_settlement,1,0,,24.9934
12588,peat_drained_secondary_infra__boreal_wetland,peat_drained_secondary_infra,boreal_wetland,1,0,,10.4047
12589,peat_drained_secondary_infra__boreal_otherland,peat_drained_secondary_infra,boreal_otherland,1,0,,24.9934
12622,peat_drained_cropland_settlement__boreal_cropland,peat_drained_cropland_settlement,boreal_cropland,1,1,Cropland,34.5685
12623,peat_drained_cropland_settlement__boreal_settlement,peat_drained_cropland_settlement,boreal_settlement,1,0,,24.9934
12649,peat_drained_cropland_settlement__boreal_coastal_tidal_marsh,peat_drained_cropland_settlement,boreal_coastal_tidal_marsh,1,0,,0.0
12655,peat_drained_plantation__boreal_forest_poor,peat_drained_plantation,boreal_forest_poor,1,0,,1.0119
12657,peat_drained_plantation__boreal_grassland,peat_drained_plantation,boreal_grassland,1,0,,24.9934
12660,peat_drained_plantation__boreal_wetland,peat_drained_plantation,boreal_wetland,1,0,,10.4047
12661,peat_drained_plantation__boreal_otherland,peat_drained_plantation,boreal_otherland,1,0,,24.9934
12685,peat_drained_plantation__boreal_coastal_tidal_marsh,peat_drained_plantation,boreal_coastal_tidal_marsh,1,0,,0.0
12690,peat_drained_extraction__boreal_extraction,peat_drained_extraction,boreal_extraction,1,0,,10.4047
12983,peat_undrained__boreal,peat_undrained,boreal,0,0,,0.0
12993,peat_undrained__boreal_coastal_tidal_marsh,peat_undrained,boreal_coastal_tidal_marsh,0,0,,0.0
13142,peat_drained_cropland_settlement__temperate_cropland,peat_drained_cropland_settlement,temperate_cropland,1,1,Cropland,34.5685
13143,peat_drained_cropland_settlement__temperate_settlement,peat_drained_cropland_settlement,temperate_settlement,1,0,,25.9038
13162,peat_drained_cropland_settlement__temperate_coastal_tidal_marsh,peat_drained_cropland_settlement,temperate_coastal_tidal_marsh,1,0,,0.0
13175,peat_drained_plantation__temperate_forest,peat_drained_plantation,temperate_forest,1,0,,10.7429
13177,peat_drained_plantation__temperate_grassland_rich,peat_drained_plantation,temperate_grassland_rich,1,0,,25.9038
13180,peat_drained_plantation__temperate_wetland,peat_drained_plantation,temperate_wetland,1,0,,25.9038
13181,peat_drained_plantation__temperate_otherland,peat_drained_plantation,temperate_otherland,1,0,,25.9038
13198,peat_drained_plantation__temperate_coastal_tidal_marsh,peat_drained_plantation,temperate_coastal_tidal_marsh,1,0,,0.0
13210,peat_drained_extraction__temperate_extraction,peat_drained_extraction,temperate_extraction,1,0,,10.4047
13496,peat_undrained__temperate,peat_undrained,temperate,0,0,,0.0
13506,peat_undrained__temperate_coastal_tidal_marsh,peat_undrained,temperate_coastal_tidal_marsh,0,0,,0.0
13588,peat_drained_primary_infra__tropical_short_rotation,peat_drained_primary_infra,tropical_short_rotation,1,1,Other plantation,74.4293
13589,peat_drained_primary_infra__tropical_oil_palm,peat_drained_primary_infra,tropical_oil_palm,1,1,Oil Palm,40.8847
13592,peat_drained_primary_infra__tropical_cropland,peat_drained_primary_infra,tropical_cropland,1,1,Cropland,53.5244
13598,peat_drained_primary_infra__tropical_coastal_mangrove,peat_drained_primary_infra,tropical_coastal_mangrove,1,0,,0.0
13603,peat_drained_primary_infra__tropical_coastal_tidal_marsh,peat_drained_primary_infra,tropical_coastal_tidal_marsh,1,0,,0.0
13624,peat_drained_secondary_infra__tropical_short_rotation,peat_drained_secondary_infra,tropical_short_rotation,1,1,Other plantation,74.4293
13625,peat_drained_secondary_infra__tropical_oil_palm,peat_drained_secondary_infra,tropical_oil_palm,1,1,Oil Palm,40.8847
13628,peat_drained_secondary_infra__tropical_cropland,peat_drained_secondary_infra,tropical_cropland,1,1,Cropland,53.5244
13634,peat_drained_secondary_infra__tropical_coastal_mangrove,peat_drained_secondary_infra,tropical_coastal_mangrove,1,0,,0.0
13659,peat_drained_cropland_settlement__tropical_long_rotation,peat_drained_cropland_settlement,tropical_long_rotation,1,1,Other plantation,56.0793
13660,peat_drained_cropland_settlement__tropical_short_rotation,peat_drained_cropland_settlement,tropical_short_rotation,1,1,Other plantation,74.4293
13661,peat_drained_cropland_settlement__tropical_oil_palm,peat_drained_cropland_settlement,tropical_oil_palm,1,1,Oil Palm,40.8847
13664,peat_drained_cropland_settlement__tropical_cropland,peat_drained_cropland_settlement,tropical_cropland,1,1,Cropland,53.5244
13670,peat_drained_cropland_settlement__tropical_coastal_mangrove,peat_drained_cropland_settlement,tropical_coastal_mangrove,1,0,,0.0
13675,peat_drained_cropland_settlement__tropical_coastal_tidal_marsh,peat_drained_cropland_settlement,tropical_coastal_tidal_marsh,1,0,,0.0
13695,peat_drained_plantation__tropical_long_rotation,peat_drained_plantation,tropical_long_rotation,1,1,Other plantation,56.0793
13696,peat_drained_plantation__tropical_short_rotation,peat_drained_plantation,tropical_short_rotation,1,1,Other plantation,74.4293
13697,peat_drained_plantation__tropical_oil_palm,peat_drained_plantation,tropical_oil_palm,1,1,Oil Palm,40.8847
13706,peat_drained_plantation__tropical_coastal_mangrove,peat_drained_plantation,tropical_coastal_mangrove,1,0,,0.0
13711,peat_drained_plantation__tropical_coastal_tidal_marsh,peat_drained_plantation,tropical_coastal_tidal_marsh,1,0,,0.0
13846,peat_drained_primary_infra__tropical_forest,peat_drained_primary_infra,tropical_forest,1,0,,20.4803
13847,peat_drained_primary_infra__tropical_grassland,peat_drained_primary_infra,tropical_grassland,1,0,,37.3764
13849,peat_drained_primary_infra__tropical_settlement,peat_drained_primary_infra,tropical_settlement,1,0,,37.3764
13850,peat_drained_primary_infra__tropical_wetland,peat_drained_primary_infra,tropical_wetland,1,0,,8.884
13851,peat_drained_primary_infra__tropical_otherland,peat_drained_primary_infra,tropical_otherland,1,0,,37.3764
13854,peat_drained_primary_infra__tropical_coastal_mangrove,peat_drained_primary_infra,tropical_coastal_mangrove,1,0,,0.0
13859,peat_drained_primary_infra__tropical_coastal_tidal_marsh,peat_drained_primary_infra,tropical_coastal_tidal_marsh,1,0,,0.0
13882,peat_drained_secondary_infra__tropical_forest,peat_drained_secondary_infra,tropical_forest,1,0,,20.4803
13883,peat_drained_secondary_infra__tropical_grassland,peat_drained_secondary_infra,tropical_grassland,1,0,,37.3764
13885,peat_drained_secondary_infra__tropical_settlement,peat_drained_secondary_infra,tropical_settlement,1,0,,37.3764
13886,peat_drained_secondary_infra__tropical_wetland,peat_drained_secondary_infra,tropical_wetland,1,0,,8.884
13887,peat_drained_secondary_infra__tropical_otherland,peat_drained_secondary_infra,tropical_otherland,1,0,,37.3764
13890,peat_drained_secondary_infra__tropical_coastal_mangrove,peat_drained_secondary_infra,tropical_coastal_mangrove,1,0,,0.0
13895,peat_drained_secondary_infra__tropical_coastal_tidal_marsh,peat_drained_secondary_infra,tropical_coastal_tidal_marsh,1,0,,0.0
13921,peat_drained_cropland_settlement__tropical_settlement,peat_drained_cropland_settlement,tropical_settlement,1,0,,37.3764
13926,peat_drained_cropland_settlement__tropical_coastal_mangrove,peat_drained_cropland_settlement,tropical_coastal_mangrove,1,0,,0.0
13931,peat_drained_cropland_settlement__tropical_coastal_tidal_marsh,peat_drained_cropland_settlement,tropical_coastal_tidal_marsh,1,0,,0.0
14265,peat_undrained__tropical,peat_undrained,tropical,0,0,,0.0
14270,peat_undrained__tropical_coastal_mangrove,peat_undrained,tropical_coastal_mangrove,0,0,,0.0
14275,peat_undrained__tropical_coastal_tidal_marsh,peat_undrained,tropical_coastal_tidal_marsh,0,0,,0.0
14522,peat_undrained__other_domain,peat_undrained,other_domain,0,0,,0.0
14532,peat_undrained__other_domain_coastal_tidal_marsh,peat_undrained,other_domain_coastal_tidal_marsh,0,0,,0.0
