path,kind,sha256
harmonized/ag_plant_cornell/BANA_ag_plant_tc_ha.tif,pixels,590615ba3cc14d174c738536b74bb761db0e1b1350a443e1a825254bb2bb2bd3
harmonized/ag_plant_cornell/BARL_ag_plant_tc_ha.tif,pixels,cb9bce24a3413e690295d339fbf61666f8881b8ea5d179ae1764f8f8d4ca0f51
harmonized/ag_plant_cornell/BEAN_ag_plant_tc_ha.tif,pixels,698cabbc19bfca06397006b28a7c3573db55122f4c599d6e8a82c479207f0e1f
harmonized/ag_plant_cornell/CASS_ag_plant_tc_ha.tif,pixels,5d721e1124931bc0541af39e7515e19c7cacdf617ceffa840633710029ad3c13
harmonized/ag_plant_cornell/CHIC_ag_plant_tc_ha.tif,pixels,1e5256e89cc19bbd1b5d8897779479dfcaec026119fa43b042b8daa880d0497b
harmonized/ag_plant_cornell/COTT_ag_plant_tc_ha.tif,pixels,d4952b9267119a5821e7be46e3dae49c00e268893e812003ea6c1f5408efe714
harmonized/ag_plant_cornell/COWP_ag_plant_tc_ha.tif,pixels,fb6042a2e03adb48a1794489d23096c47d7f1000f3ab0cea0d9c191ecaf78453
harmonized/ag_plant_cornell/GROU_ag_plant_tc_ha.tif,pixels,10f0292db5ced1dd14d471f0b16a82728d1c3180638ddb79559bfc7dad917ca4
harmonized/ag_plant_cornell/LENT_ag_plant_tc_ha.tif,pixels,953656b980e16de4b060a9af8cdc05dce7de1b4e8e0b65acdc991212a1619d82
harmonized/ag_plant_cornell/MAIZ_ag_plant_tc_ha.tif,pixels,401869b4a1e62743392b7b110c747acb768345138a0396a7e8bf47026e742a5a
harmonized/ag_plant_cornell/MILL_ag_plant_tc_ha.tif,pixels,69fc3b49252fb2bed388fd7ba4841dcf61ca7760a58e54ae3d6996d34a52e052
harmonized/ag_plant_cornell/OCER_ag_plant_tc_ha.tif,pixels,eeb73963a1c875373c989e145fcdeddb3d3bcc49f6e6eceba6f9503e320c9ca9
harmonized/ag_plant_cornell/OFIB_ag_plant_tc_ha.tif,pixels,b198bb6979dd610e249dec7d205c58b735bd128fca339ce6b1deddc6e18d2924
harmonized/ag_plant_cornell/OOIL_ag_plant_tc_ha.tif,pixels,4fc52f57fa192537eaaf35e208ac29e8438957bc594a093ab627c2eb30ce9808
harmonized/ag_plant_cornell/OPUL_ag_plant_tc_ha.tif,pixels,7658dda28bf6abe6d0d0d5a67512ea4f5f65787c639afb57fe3d16a4c8a70e0c
harmonized/ag_plant_cornell/ORTS_ag_plant_tc_ha.tif,pixels,8e3da03763db6aa39cd7b243e8f3098f17bd6cf8b57b4b4ff147f17ef741e027
harmonized/ag_plant_cornell/PIGE_ag_plant_tc_ha.tif,pixels,22367925f4493e9e84dc6da8137f475600798ef62bd43df248b08ed394c71f43
harmonized/ag_plant_cornell/PMIL_ag_plant_tc_ha.tif,pixels,b66a3506a8f78973cd9e20641876d7a970d5eb1016facaa7faf2c319383f5307
harmonized/ag_plant_cornell/POTA_ag_plant_tc_ha.tif,pixels,7e854d50edfa1e31928615d9c2b7f1834e3989707298052e2c68e9a9f5c31786
harmonized/ag_plant_cornell/RAPE_ag_plant_tc_ha.tif,pixels,523f8fb6f1898497a5aab22105b3f38bceac19ee961f68273335dbd23e5b7df4
harmonized/ag_plant_cornell/RICE_ag_plant_tc_ha.tif,pixels,a4dcb9ce505c7a2fc789c5ed97187db17a697fda384b81271d9d6828316ef447
harmonized/ag_plant_cornell/SESA_ag_plant_tc_ha.tif,pixels,710dfd34029a10e18022f57b6b095ce8d86cb28f0f26686f8f460ee0622a86f1
harmonized/ag_plant_cornell/SORG_ag_plant_tc_ha.tif,pixels,b442454165fd5b7a7b3d3329e65f6641ee350c373b9bf2f997d808680e77c47d
harmonized/ag_plant_cornell/SOYB_ag_plant_tc_ha.tif,pixels,8c71b676e9f3563ee34875dcc435c35edae3353e606a4ce22e56fd9c0a3da848
harmonized/ag_plant_cornell/SUGB_ag_plant_tc_ha.tif,pixels,3085cec6b112adef82246936146399b4bbb795441792d6ad2f8ee6463858d2a2
harmonized/ag_plant_cornell/SUGC_ag_plant_tc_ha.tif,pixels,84af509679b10da57b361828d7454621aba83094ca7e9a8a10ca1554dcc49ba0
harmonized/ag_plant_cornell/SUNF_ag_plant_tc_ha.tif,pixels,167dd0f8ecaf05fdaf70582d9b2708e8545d3d146d6572ba05843cfe91344a3c
harmonized/ag_plant_cornell/SWPO_ag_plant_tc_ha.tif,pixels,c9b01280fa72c4ee7a99a1a7b8510f07a225062c47d55d6698d3e9f7b35d7f90
harmonized/ag_plant_cornell/WHEA_ag_plant_tc_ha.tif,pixels,043499d4a1cecbb3940bb5cd7149fd438e9a22bc20617f3471bddbed8639502a
harmonized/ag_plant_tool/almond_ag_plant_tc_ha.tif,pixels,002c362f3a23ee10d59a02268070105690498e9cd4581f6d14544b5fdabedae8
harmonized/ag_plant_tool/apple_ag_plant_tc_ha.tif,pixels,97a68b678e39ff5249c710162b439ef93f285f39a350f6abce84a2df4c10af99
harmonized/ag_plant_tool/banana_ag_plant_tc_ha.tif,pixels,6043588355b17ebf22404cae5db9dc241c8530d1af7e9bb3a70fa76b0252ab2b
harmonized/ag_plant_tool/barley_ag_plant_tc_ha.tif,pixels,b5796fc1c821efb9ee2703d8386794a027549d5288cd0f9254ac4b248b8af866
harmonized/ag_plant_tool/cabbage_ag_plant_tc_ha.tif,pixels,5a6a5a8727ef35dbed480914ef07a93033c1ca442783bc93eaefe40efc6c042c
harmonized/ag_plant_tool/carrot_ag_plant_tc_ha.tif,pixels,c6cde3eda61c3669d763e731ec5aff4fa000eb2dc0ab8926a7672d98c61f4d3f
harmonized/ag_plant_tool/cashewnut_ag_plant_tc_ha.tif,pixels,4aef05a9a5cd9195c2711391b428c0e4a20e2f5b6f8a3e6835ee5686fd54818c
harmonized/ag_plant_tool/cassava_ag_plant_tc_ha.tif,pixels,aded908b0973b56d05ed3b83f14224ae78df6460068e7e3cd0dc91bbcb8df430
harmonized/ag_plant_tool/cauliflower_and_broccoli_ag_plant_tc_ha.tif,pixels,8484d28a9da904b08c7759595ed0d4f0e289fa278c7bbdd0e5738d175ae0f290
harmonized/ag_plant_tool/chickpeas_ag_plant_tc_ha.tif,pixels,15db142ac5bf627ce7e9dd41278a67b794d958e2ddbed63bd02155fd09830bc5
harmonized/ag_plant_tool/cocoa_ag_plant_tc_ha.tif,pixels,aeeec21f028a9faea7ef7e556eef6d7526fb9b6c7782222f8bee31588d61de3b
harmonized/ag_plant_tool/coconut_ag_plant_tc_ha.tif,pixels,98ab8a944210298c656216edeb5b6c7443112d79bd84060b2c68a9e9ca1fd8c2
harmonized/ag_plant_tool/coffee_ag_plant_tc_ha.tif,pixels,50cef70b9c5de25be7482eabf6736f014c5ac25b6c04e59c4c8837b87e11fc7f
harmonized/ag_plant_tool/common_beans_ag_plant_tc_ha.tif,pixels,02039811859d5ff7825eefca03f8c8e8022ecec89c367159281261c9244a2c6c
harmonized/ag_plant_tool/cow_peas_ag_plant_tc_ha.tif,pixels,89ccd433e4357533df6f4d4409a9d8f11305d81ac4af01f656b1348fd622ee99
harmonized/ag_plant_tool/cucumber_average_ag_plant_tc_ha.tif,pixels,863819570e7745fd569e9fbaf3856bba3b619a459a45f6a915e25866939f005c
harmonized/ag_plant_tool/eggplant_average_ag_plant_tc_ha.tif,pixels,1ecd8373e286585a77be9e3907422f35d9383aff327766aa9eb216bf06fbfdf6
harmonized/ag_plant_tool/faba_beans_ag_plant_tc_ha.tif,pixels,43a28bcc3a50db7a4754e6b85fcf909053d3600badcd67e314295bb0cf87cc23
harmonized/ag_plant_tool/grape_ag_plant_tc_ha.tif,pixels,28a8c90d921cb0c683c21520a61ca01b0bfcff77b692351242e79f1449a06d70
harmonized/ag_plant_tool/lentils_ag_plant_tc_ha.tif,pixels,7d93428dbd3a57f3fbaf7da55c61a911943d67982da46b36a84487df93cef5df
harmonized/ag_plant_tool/maize_ag_plant_tc_ha.tif,pixels,9b79e6180b2c07a274ae886d6a37b3979789367a228b745a9a1a89f4923300dc
harmonized/ag_plant_tool/mango_ag_plant_tc_ha.tif,pixels,7bbb32a6144595a3173400791b95aa130c0b3c35102baea252c94a7bda0659fd
harmonized/ag_plant_tool/millet_ag_plant_tc_ha.tif,pixels,302f743f92c2c7a796a6232bc91eb6bdd82bff64289e2dc349f8844c8d30d990
harmonized/ag_plant_tool/oats_ag_plant_tc_ha.tif,pixels,47fede5104afb7383776c935dc0a0cd06ece1d6e3727fe14f24d951dd97894a3
harmonized/ag_plant_tool/oil_palm_ag_plant_tc_ha.tif,pixels,92b0afd2e5a4338d02d1f8d22ed347e0a8ee4ce77efe68a09e1e2ccf9b310d45
harmonized/ag_plant_tool/okra_ag_plant_tc_ha.tif,pixels,df3efacd74d3bcd19db0f923e73a4bc2f58346467e7bbf0331af9a58eb587a49
harmonized/ag_plant_tool/olive_ag_plant_tc_ha.tif,pixels,75660430a52f2e1903cad7c675ee3ddadf59ec1757e62f5a22f6b26e2dad6df0
harmonized/ag_plant_tool/onion_ag_plant_tc_ha.tif,pixels,83d37cffeddeee96d84bdfa46c61f39716869736df493046bcf29daa4cf8f5d6
harmonized/ag_plant_tool/orange_ag_plant_tc_ha.tif,pixels,733593ad20c2328bf1108e95cf9d2ce34c924aea65024d6272166a2611394f70
harmonized/ag_plant_tool/other_above_ground_vegetables_ag_plant_tc_ha.tif,pixels,ae3a44fa9f7eff982b5cc645f4814776812cad412755aa531338cdf94eba83ed
harmonized/ag_plant_tool/other_below_ground_vegetables_ag_plant_tc_ha.tif,pixels,485bcac4be271d815e53eabc50c534415a4c9aaec0675c37dc433bdbe2e06142
harmonized/ag_plant_tool/other_cereals_ag_plant_tc_ha.tif,pixels,e69405d7d53441eb25555d6fcd3beb037d19342af97159b8b5175232ee79d350
harmonized/ag_plant_tool/other_oil_prot_field_crops_ag_plant_tc_ha.tif,pixels,17097226943de5a7d9eb4adaea101da0c3439a70b26d0f54f301713a13e352bb
harmonized/ag_plant_tool/other_temperate_fruits_ag_plant_tc_ha.tif,pixels,bf8034b4a3189e1c4081e516f0ae7cd8ba8b8d10415e637c4e540f437a3494dc
harmonized/ag_plant_tool/other_tree_nuts_ag_plant_tc_ha.tif,pixels,ddf551e2f7213327531f6f62ff6744cceda26f524a275bac6ac350844c5324bf
harmonized/ag_plant_tool/other_tropical_fruits_ag_plant_tc_ha.tif,pixels,43268d4335452403c698313ddbf7c931c138d1d5abe4cd878bf53c0bcbe7ba2e
harmonized/ag_plant_tool/peanut_pods_ag_plant_tc_ha.tif,pixels,05b6d6b120554259d9b0f1092f7a7e1cc1922a54a11ef975a1afffc3b40203f8
harmonized/ag_plant_tool/peas_ag_plant_tc_ha.tif,pixels,18e69fce9a350b29ab8fd0c09df409b010b92d26a8aaa3caf8f905bb8ecad033
harmonized/ag_plant_tool/peas_green_ag_plant_tc_ha.tif,pixels,d2e355a6cc6c7b44e562cb530b4669460ca7a8bc958dbd87e569769c7f939f6f
harmonized/ag_plant_tool/pepper_capsicum_average_ag_plant_tc_ha.tif,pixels,6f62ac312ad287dcc225903d8dee72b87cbb01916199d2033a1d63e413986b9e
harmonized/ag_plant_tool/pigeon_peas_ag_plant_tc_ha.tif,pixels,953bb7947b13efbd5e96af837d919d7a6bde00752a6fc883201b2e9be87447ce
harmonized/ag_plant_tool/plantain_ag_plant_tc_ha.tif,pixels,f76be97c5c73690ef39ed2efa45dd1f3f5cb90ca28c0ccce96e90493b91d3013
harmonized/ag_plant_tool/rapeseed_ag_plant_tc_ha.tif,pixels,1823a58aa75d805915bd0c3a23c68011ffb62cc460be0875a4aab623d71cf981
harmonized/ag_plant_tool/rice_unprocessed_ag_plant_tc_ha.tif,pixels,4e61519f4489386e4ac2b3006056175fd296d1f9d53ed2de8b9de995326a73ae
harmonized/ag_plant_tool/rice_w_hulls_high_input_ag_plant_tc_ha.tif,pixels,fd5dc7def4233e0d3916f756a0b0f382131cea344305fb09ff15c866c0fd122a
harmonized/ag_plant_tool/rice_w_hulls_low_input_ag_plant_tc_ha.tif,pixels,0c7cd61d071c80a4a00b68832673e987916f3cba67b0b8e939dbfffde72c8a62
harmonized/ag_plant_tool/rye_ag_plant_tc_ha.tif,pixels,58509170b8411cd86cff4fc97cf59f54f22788a8eb113d9cbd3ba31f6d70c669
harmonized/ag_plant_tool/seed_cotton_ag_plant_tc_ha.tif,pixels,4aa545459cf2f5ad32fa77275326234bc04bafa83aecdcfc5405ebe711aa6ed0
harmonized/ag_plant_tool/sesame_ag_plant_tc_ha.tif,pixels,74d4421246fd73afc7160e304ae074e497584e9a21470c8d6d5c7362fc2d07bb
harmonized/ag_plant_tool/sorghum_ag_plant_tc_ha.tif,pixels,8e8703151a7646cdaa71141a4d4504e5417cc7179c302c1dce0303a5d75c25ee
harmonized/ag_plant_tool/soybean_ag_plant_tc_ha.tif,pixels,a0496a8ead6b8c6729def1809cf31fb75b1aa8c0dd1bb189aaa48ca21757ac8b
harmonized/ag_plant_tool/sugarbeet_ag_plant_tc_ha.tif,pixels,3ba11e947db01c4520150fdf5bec5d00e0b1aed65ecf25ea3a22e85e1f5a2188
harmonized/ag_plant_tool/sugarcane_ag_plant_tc_ha.tif,pixels,3d571f80b5213ab4e70069d40ac51f5a7dc958a1a06e9b12f7edbf5c86d33300
harmonized/ag_plant_tool/sunflower_ag_plant_tc_ha.tif,pixels,3e52b0b59bf1f87f71043bd4adba4a4eb0e141b35deda457e8635338438dcefb
harmonized/ag_plant_tool/sweet_potato_ag_plant_tc_ha.tif,pixels,7f2fe2257bc182fd69850602ca7c6075e91073b7f1d2334bf58605e4fcfef73a
harmonized/ag_plant_tool/tea_ag_plant_tc_ha.tif,pixels,cb0808f241f9f4667d7fa883164ef127cc2e4a8872ce4551032d572e55b08818
harmonized/ag_plant_tool/tomato_ag_plant_tc_ha.tif,pixels,fbaba93d778775b838b733bc4545ea88c0a94ddeffa54e1e422bad9e56d730fd
harmonized/ag_plant_tool/wheat_ag_plant_tc_ha.tif,pixels,744401457ae3e6dba2782fffe9263853bd6872f1d70375620323c0f2554bbb7e
harmonized/ag_plant_tool/white_potato_ag_plant_tc_ha.tif,pixels,0b61c750e2eee0a136325899b1efb74a36677ff9942e2e75471f3b684e36b34e
harmonized/ag_plant_tool/yams_ag_plant_tc_ha.tif,pixels,02c02d2c9c3aadd01f82eeccc70ac1b5af2897c29720258716992d45c4533819
harmonized/biome/a9_native_class.tif,pixels,01fe57fda924814301f46950c5b6fddee257424147a8e12cb6b00b6e03e70ed5
harmonized/biome/dinerstein_biome_num.tif,pixels,6b67b15f989abca73eb31dbf44f696ca5f5d7950de0f7b954111125b48a40916
harmonized/geography/country_key.tif,pixels,16b3fc1a74401761cc688fe06654d36767b39fab92baac1996d0416f09505cf7
harmonized/geography/geo_key.tif,pixels,0b9a67f76ffd5a446248499fcac202b0dc85a69a361d5dff940df94f17902407
harmonized/gfw_peat/gfw_peat_ag_ef_tco2e_ha_yr.tif,pixels,a4843f8224a251944347d4685714be9c45bc29de4b17e2ff1395b479fc965705
harmonized/gfw_peat/gfw_peat_ag_frac.tif,pixels,0edc23e53c2703cd5082161216d46acb6175f77787300e19dd04400b43268b74
harmonized/mapspam/BANA_harvested_area_ha.tif,pixels,8a9d812d0dad6c86e2a322b04eb99acbabed8e087ea829ef5cde977c3347f993
harmonized/mapspam/BANA_physical_area_ha.tif,pixels,5da698c79e033c9eba7938d2982616f6cc91816adc18fb68894b949d492a7c70
harmonized/mapspam/BANA_yield_kg_ha.tif,pixels,b5dc8a385cbcd0b574935d168a92c872bbc81bb0fbd2683e2b12ad3b9624d219
harmonized/mapspam/BARL_harvested_area_ha.tif,pixels,ec95c1a257e36870b4f3d90497f98d4abd3bcad3aa58ff2a3b001b28b11722f4
harmonized/mapspam/BARL_physical_area_ha.tif,pixels,4908a3ec3dbaa2c76e46551d4dabe5a940fbdad3f4483ca1e850d17c785fda52
harmonized/mapspam/BARL_yield_kg_ha.tif,pixels,0ae6d021d6e24c42cab1feae8d9e719b3c24ecf3dde8ab878c3a2ba45ee7eda7
harmonized/mapspam/BEAN_harvested_area_ha.tif,pixels,d93df5d5829d2a1b00bf83f71eb9c775a0d52e2de356d0ce4fae3a199bbd073e
harmonized/mapspam/BEAN_physical_area_ha.tif,pixels,3ea7168124af020ab8db10129c5be1f1e6e5fa2c4fad7da9ecc583761f2f3af1
harmonized/mapspam/BEAN_yield_kg_ha.tif,pixels,d9eaaee179d0d70d3e2a0efa22fdd28bd880c64113047d4635276c940e8ee110
harmonized/mapspam/CASS_harvested_area_ha.tif,pixels,611debe85414410aa248727375fc4877ee0591f3274f39ee97bf6665e798666a
harmonized/mapspam/CASS_physical_area_ha.tif,pixels,834acd5f0220729ad6f3fbbe6f8dcd315a24d3b4b70692a06e42967495d066b6
harmonized/mapspam/CASS_yield_kg_ha.tif,pixels,eefcca9961a118a528f2b9adedbad790c73c390b54904628829d3496dbbb479a
harmonized/mapspam/CHIC_harvested_area_ha.tif,pixels,a30456c508dc5269cd34ad4ab35551e1e108eb52ebf82c5125a8fa5a573cf567
harmonized/mapspam/CHIC_physical_area_ha.tif,pixels,8e32c7344f74de9f49ae276085608a1d175b116731d6f112e4004f52da46470c
harmonized/mapspam/CHIC_yield_kg_ha.tif,pixels,53823fee8fd6c4b7f1da0de9da4b368420eede5ce95aecee254f5c86829ee3ea
harmonized/mapspam/CITR_harvested_area_ha.tif,pixels,7bac3621c428f883230ad8b87eef69ad8b4f3044d51e378315147854442e5f3e
harmonized/mapspam/CITR_physical_area_ha.tif,pixels,261ebf9cc2ac2b6be28a89770ac317f672c02e3c07384d33868cfdd4d860e433
harmonized/mapspam/CITR_yield_kg_ha.tif,pixels,29984312c222a444321372edc30d6f6ce3dca001651b094a11017df46c0380f4
harmonized/mapspam/CNUT_harvested_area_ha.tif,pixels,382409659bcec1efa678d11436de5de0836cc15f45941dc76cac2bfe41020407
harmonized/mapspam/CNUT_physical_area_ha.tif,pixels,c71f1db4851e1037dbd487aa48a4878c24e630192f84a2419c138b4db7478026
harmonized/mapspam/CNUT_yield_kg_ha.tif,pixels,f366f1b026d2b7e44b62a5d6e8e1d7529457dcbd982fac40464c65c3f4d4ec16
harmonized/mapspam/COCO_harvested_area_ha.tif,pixels,3b3d3da71ec96393dbab6307cd0ae96028ae35105a7091bbaa158aefe53cdfc1
harmonized/mapspam/COCO_physical_area_ha.tif,pixels,1c259ffd45c3b70b71f95d4f6f2aa164684d43f8e4583d5dc6cf92df34ad095f
harmonized/mapspam/COCO_yield_kg_ha.tif,pixels,d0bcb8d848a3c7ee301799d83567ab096a96bbb95d873072fa2e9b897ceb0a23
harmonized/mapspam/COFF_harvested_area_ha.tif,pixels,22ebb8a2f8e13534886bcc83fa67e8b69afc17d94720dc8e97232ea2f5fbf0c7
harmonized/mapspam/COFF_physical_area_ha.tif,pixels,16932dd6a1da00679a2351330271b727852a96ce0436b007cabc2b25e97a787a
harmonized/mapspam/COFF_yield_kg_ha.tif,pixels,04712c706606a8a3c4d54a8c27cea8f72bd37f752bc1ba1e63bcac7b4ae021e9
harmonized/mapspam/COTT_harvested_area_ha.tif,pixels,2301cc6719aa33c93ca4bd6d944b02e7d27a1977d58e7fbaef45cd35c2ceea55
harmonized/mapspam/COTT_physical_area_ha.tif,pixels,df980f6812c604649b9190d9f4ee3ec1a50b97c43af43f28436f509b62f5613d
harmonized/mapspam/COTT_yield_kg_ha.tif,pixels,dc66bdcbf0fd6cae631f6a182bd8b54f6824dadce35b82400f813c0d1c91d513
harmonized/mapspam/COWP_harvested_area_ha.tif,pixels,2d8cf2cd54591af27a42f5d3628474cb4382d511ec0bea31fa4e7c193b81612f
harmonized/mapspam/COWP_physical_area_ha.tif,pixels,041239dfb6617f243d53a0ce15691e29344d8f01a1d237446a76d0ca90bc91a6
harmonized/mapspam/COWP_yield_kg_ha.tif,pixels,2cea9257d1f89ebf10e55538c4ab8edfb2a2e4f0d6227ada76099af1a4e86edc
harmonized/mapspam/GROU_harvested_area_ha.tif,pixels,407a5505d413c3faaca8617f3a1f2eebd09883f3f2edbfdf3d4c7aa6fb785ae3
harmonized/mapspam/GROU_physical_area_ha.tif,pixels,be21c3924af2f30fdb1dc03501f58fa660c9202113fe55debd2b27509a2324c4
harmonized/mapspam/GROU_yield_kg_ha.tif,pixels,568a15e72a04599637a32f4a231a4a452d5f81efaf5eaec82567364031b79619
harmonized/mapspam/LENT_harvested_area_ha.tif,pixels,5dc2dcee305f6e38c7900b59c69cc1b97b292a7e8bf99eeeb67f62481c4a85c5
harmonized/mapspam/LENT_physical_area_ha.tif,pixels,2538c4e581b61a933dcb3a06b26ef32116d9ff67a284f46dc1500600485c4c7f
harmonized/mapspam/LENT_yield_kg_ha.tif,pixels,2b6472a6d126e6066dc5bb0f8844c855768f92ccce78cce1999c6f46cbe5ef47
harmonized/mapspam/MAIZ_harvested_area_ha.tif,pixels,63f08c91ff4ea0da92da03bce13bc2979d9b5e7727af8c419cdf3f2e2997b2d7
harmonized/mapspam/MAIZ_physical_area_ha.tif,pixels,170a4fc48af50a18539acc6cac88b9b565ac5a484ff578352eb78ed4ba649c1e
harmonized/mapspam/MAIZ_yield_kg_ha.tif,pixels,0cccff31fd878dbee637f4837c6d2ee9ab7f80d2563fa33a9ad3726e6089e110
harmonized/mapspam/MILL_harvested_area_ha.tif,pixels,0b61d6338f3d070594e67f5e5cf5c2d376152a6d81175fd86cca3669f0567713
harmonized/mapspam/MILL_physical_area_ha.tif,pixels,af7fb88c8f53647e51d6727a659d4d11b4a13c35b9b5220e265e87275f60d226
harmonized/mapspam/MILL_yield_kg_ha.tif,pixels,02a7a6952ddc52965b027fefccbdac2b4b428c53b24a9384866d65e8e609ffa2
harmonized/mapspam/OCER_harvested_area_ha.tif,pixels,3c6e59d89ef58d4a22f412b6aed54c491523cd29b54664226d8c4733b255f403
harmonized/mapspam/OCER_physical_area_ha.tif,pixels,a4cf9cfea99e44031ea7695e537d5958787ccfc8d14e4e017196c4184e77c19f
harmonized/mapspam/OCER_yield_kg_ha.tif,pixels,6c2d8ff6c825d3ac97661069633d95aad0005ee3555bc601373ff6b613f9f788
harmonized/mapspam/OFIB_harvested_area_ha.tif,pixels,19ee0792e1b850ffa3974f6cd2eb81bd950d86485e2077e927d76794695d9e5f
harmonized/mapspam/OFIB_physical_area_ha.tif,pixels,326bb72419032fe5c473024c05e8c97d119ad5051f1b1f80f6fa49de55c2682c
harmonized/mapspam/OFIB_yield_kg_ha.tif,pixels,25bbe89aea15065f28fc3a2dab995fe0da77ba97323f31254ca8f9a72c2b1131
harmonized/mapspam/OILP_harvested_area_ha.tif,pixels,2b39f986dd5f4e82abab4091d0c4aee884dc7c95954069137cbce66b2a3d499e
harmonized/mapspam/OILP_physical_area_ha.tif,pixels,1d38e3e4eb70c21c6e24e31e840c2353b439b76f360eb1f9473b20dd7ca6facb
harmonized/mapspam/OILP_yield_kg_ha.tif,pixels,66b08547e9ddeebd785884c913f0738e6528f3a1c05144d61b03a5c717835bac
harmonized/mapspam/ONIO_harvested_area_ha.tif,pixels,44dfb806bae9a27d541c84b71bfd7ecec52a305d0219562905ee96c388cbc056
harmonized/mapspam/ONIO_physical_area_ha.tif,pixels,6492ffda0ebc3019e4aea328f43716f8953c7f263b66bacbe19ae8ea10ab99a9
harmonized/mapspam/ONIO_yield_kg_ha.tif,pixels,40900d5ba4e42e8cadae4449e2be87306efe6026a72046173fce1a8853a68902
harmonized/mapspam/OOIL_harvested_area_ha.tif,pixels,f49a703f2584eb041dc35ebe1c8bbb8c64a6dd47b3a99a1df41e5d952126f67e
harmonized/mapspam/OOIL_physical_area_ha.tif,pixels,651c4b62e07afea1c52ddbba07528fd68055a6500290e2ca4796e036a9690a2a
harmonized/mapspam/OOIL_yield_kg_ha.tif,pixels,c7a346b0bfb3012b47cf8c889e36853c313d21bd3fc365d88f0914bc2cc56060
harmonized/mapspam/OPUL_harvested_area_ha.tif,pixels,b542faaf9428a07db90b87b7cc25de587382e2dfdc445ad431f3f17079d78b20
harmonized/mapspam/OPUL_physical_area_ha.tif,pixels,4b314d4ffdca14e017b1213ebaf168ed81f596874b02392fe2cd5b242d2d4f83
harmonized/mapspam/OPUL_yield_kg_ha.tif,pixels,05d66aee8330670ee4854b3ad21fe2fd9292f4926816d8c54589b79ec8212eb6
harmonized/mapspam/ORTS_harvested_area_ha.tif,pixels,ffb77e9fc43dcaf8a8f0982fe5ecf5733a37184b650670a1461484cf97be519e
harmonized/mapspam/ORTS_physical_area_ha.tif,pixels,6c1f9da285f743582c3abcd90bf062c534bb4fffb9da6283211790d9100e8473
harmonized/mapspam/ORTS_yield_kg_ha.tif,pixels,6023cd4113b3549467a28d9af37e1794c59297583b524eceb2d45d6d234c19e1
harmonized/mapspam/PIGE_harvested_area_ha.tif,pixels,893f0902cd2a83c11e83a6028886692a7027aea5cbcb51c71c23433fd175e7b7
harmonized/mapspam/PIGE_physical_area_ha.tif,pixels,e6e8513b5bf9e79a5a5c729304c697750615120df246523db1e36a4fbc1eb09c
harmonized/mapspam/PIGE_yield_kg_ha.tif,pixels,2bf66b12553c6018b03d288b1f50c2bec8988a6378eaf4f379c499c69ea15b5a
harmonized/mapspam/PLNT_harvested_area_ha.tif,pixels,4e962e922cc64157107dc24a53209e34e7d407f75e3237d291de3586b8cf531a
harmonized/mapspam/PLNT_physical_area_ha.tif,pixels,127c72cda5936c7c2d0a67d6f34038fccb804c30e81566a50c1287b001d8766c
harmonized/mapspam/PLNT_yield_kg_ha.tif,pixels,30a948eae66ece420c51d8d5b4de2e778a6eb28e869925c1ab88c733a6d2ea5a
harmonized/mapspam/PMIL_harvested_area_ha.tif,pixels,998d9e9971df8d24b660d88245c333b725fe791f166e10e0362b5a8e658b850c
harmonized/mapspam/PMIL_physical_area_ha.tif,pixels,02b75291c693cc72b020d3c59866ee2b097e380fd330f785765ff76775924be0
harmonized/mapspam/PMIL_yield_kg_ha.tif,pixels,e619a698e85257ebcd6ee90c31f1ff444d555749ffece5022553f35444378efe
harmonized/mapspam/POTA_harvested_area_ha.tif,pixels,814ae29fefba5ac4490518ddd8867c00f2868709b13b7e1c1bda40a62e46156a
harmonized/mapspam/POTA_physical_area_ha.tif,pixels,e4adcf27f44cce9bd5577b209d92aa248c400145e0743f59a4f1a84e7ee3860a
harmonized/mapspam/POTA_yield_kg_ha.tif,pixels,c45d3423a0802e56e84d906392ebf07f992de678678d3c33f00ed2013ebfba30
harmonized/mapspam/RAPE_harvested_area_ha.tif,pixels,0ffee6509a2ec20e4748cd3e6b863ee5f592eb25fb37e549bfffbe1eabec9e89
harmonized/mapspam/RAPE_physical_area_ha.tif,pixels,279758b8fe4a5c129208916ee8f67fc7006ee5f7e96328e6b350392087d7661b
harmonized/mapspam/RAPE_yield_kg_ha.tif,pixels,4a2d15450b3e81a829c2dd09e1f2f547bb4763740f726658c3c26bf7880ae908
harmonized/mapspam/RCOF_harvested_area_ha.tif,pixels,ee1cff3204c810ee26bf295f6ce24731de54d411dad35a008f0689da252104ce
harmonized/mapspam/RCOF_physical_area_ha.tif,pixels,dc0c62bd11c963474eb9f9c2cb301a85c97e7685666b0539192d081b18e3ae95
harmonized/mapspam/RCOF_yield_kg_ha.tif,pixels,609cbb80dfcc1c6d73afef42184554b6217e4fec144954ca41e1d48b24f93b1b
harmonized/mapspam/REST_harvested_area_ha.tif,pixels,9162174f74e5307ac260d74da3e55a2e068b8e9ddd9150c151c78ebbcbcb2c6f
harmonized/mapspam/REST_physical_area_ha.tif,pixels,c4319863860bed29c240f18c5e5592fcd3c8643bf206ac877237d75a1898d3ad
harmonized/mapspam/REST_yield_kg_ha.tif,pixels,42a6df2138ce33d5e4693e20beca1a1bbed06e6ce01941fedd2ce7e1375848d9
harmonized/mapspam/RICE_harvested_area_ha.tif,pixels,9926a6422f4a1eb92d6bf8b0519555e5bd44e1c5c17be5c514d1299b9524578c
harmonized/mapspam/RICE_physical_area_ha.tif,pixels,a0dc52897b0fa07f18cba9e80b1cdf270635dc89778e17a63d0b8cd82f24432a
harmonized/mapspam/RICE_yield_kg_ha.tif,pixels,6b73df000a470f019957f665c0c7d7d4f59e93c065030d49eb512bcf99faf017
harmonized/mapspam/RUBB_harvested_area_ha.tif,pixels,109154aab9240e3b92d3215053552424ae3a7c91579d786719c1b98b5c0abc81
harmonized/mapspam/RUBB_physical_area_ha.tif,pixels,d616a48c84db1d802c77790dc595937fcfb61f20171eadc0967c9c97bb73458c
harmonized/mapspam/RUBB_yield_kg_ha.tif,pixels,d56dd9d8f730cd1253d1bdc22a5cbf2e9d36d7317a841bdaa9cabaadf1bc8723
harmonized/mapspam/SESA_harvested_area_ha.tif,pixels,3069a36dea3a4db6d8455e06e49c0efa7154c6003238ae663146e5512c359c35
harmonized/mapspam/SESA_physical_area_ha.tif,pixels,220418eac37dd21fce12623d536cbb98e57bdd8bc264b934eea469b6d60056fc
harmonized/mapspam/SESA_yield_kg_ha.tif,pixels,ab3be027f70dc19a55d1e3280a05150279b5dda1c6bf5a90489f2fa3ad95ee72
harmonized/mapspam/SORG_harvested_area_ha.tif,pixels,c7cdfd0b1def5045722f90c10109af6bf2848c8abe6f6e09d897771417504263
harmonized/mapspam/SORG_physical_area_ha.tif,pixels,1d04f77ac79c0eb8d50be0a220584c2b5ce39fc2fd05d2fb2592b6e8b2378c47
harmonized/mapspam/SORG_yield_kg_ha.tif,pixels,77eaaa26ed4d61dbcc67f499417d25eddd2f18e8667fe4a06e5ea10550c73a28
harmonized/mapspam/SOYB_harvested_area_ha.tif,pixels,089e87f02c31d7c4dbffc7fa761b2ccdd4eb10935289cef596c66e1dc7f2fc5f
harmonized/mapspam/SOYB_physical_area_ha.tif,pixels,ef57b3990b8073a2305fa66feb9b8a8cafa7609c51809c446346990895e1d9be
harmonized/mapspam/SOYB_yield_kg_ha.tif,pixels,baafbcb94915b7fd9deef31ef1e422a2c8c7dff8c0b3f8a3c762021b7af59078
harmonized/mapspam/SUGB_harvested_area_ha.tif,pixels,8ae293022f583eda8fa860582f9ac19ac52870f818c85e89583b80d11095671e
harmonized/mapspam/SUGB_physical_area_ha.tif,pixels,8ae293022f583eda8fa860582f9ac19ac52870f818c85e89583b80d11095671e
harmonized/mapspam/SUGB_yield_kg_ha.tif,pixels,953dec273ef0b158c17037d7c2e4f21c47ee68b64c756fba57f0af2e8cca5e49
harmonized/mapspam/SUGC_harvested_area_ha.tif,pixels,121f706a442b504c52045577b39996a31b4cacf22cc43d6d23ec31246837648d
harmonized/mapspam/SUGC_physical_area_ha.tif,pixels,6693bcf9e198ea86f69a21236356eabaef3b04814d8e52ece895e16012b9dd3c
harmonized/mapspam/SUGC_yield_kg_ha.tif,pixels,6ae11313a9f052d27cafe27ba5dae47849c0324d3b8233506f3c6ef40ae95a53
harmonized/mapspam/SUNF_harvested_area_ha.tif,pixels,9258cf632b5c55eaa545a71fd4fa330e81c1dcb8daeed3585f971c74b5868056
harmonized/mapspam/SUNF_physical_area_ha.tif,pixels,fd3b4f0efd2144551ba4c1b03788fb368c6f074e8ba382fde56f422767e8b115
harmonized/mapspam/SUNF_yield_kg_ha.tif,pixels,9100d074c6258eb1dc3121015d1d4f7878408e318910bb9d821c23ad2efda57d
harmonized/mapspam/SWPO_harvested_area_ha.tif,pixels,91e8d087be993eb754494b438d1db2d41372a5f535adb9d7e8ca530f2d2d53ea
harmonized/mapspam/SWPO_physical_area_ha.tif,pixels,9affc179d6e74c86a72b9ab8368c57e1944b795015ddd70bfacaccdd4865c2f1
harmonized/mapspam/SWPO_yield_kg_ha.tif,pixels,20733ab5e24946967956d6d88a94f85d003199e970091ede32321bc2a204ad8f
harmonized/mapspam/TEAS_harvested_area_ha.tif,pixels,d937948c2c664fd9cfa6208427fb031362544fcc45b7bbd025041881e7f51e25
harmonized/mapspam/TEAS_physical_area_ha.tif,pixels,8219d5d5ed82fce6c21e064cddf139240fee8b014c3583a660ca7eebbf8c6a06
harmonized/mapspam/TEAS_yield_kg_ha.tif,pixels,a2cd9847605f3b80402a47facbae79567ff4401a1b7905c1a3e9a4db03170cb3
harmonized/mapspam/TEMF_harvested_area_ha.tif,pixels,2408e523b85f65b4cd36b43acde889943faec9b90520cfbe2366bfd881c0c860
harmonized/mapspam/TEMF_physical_area_ha.tif,pixels,1018385999ad482d9b28e00c30ab6198ee943c048f15af473593061b8dae747a
harmonized/mapspam/TEMF_yield_kg_ha.tif,pixels,f575de5cc5fa6c9d282d965642935cdfeaeca041f6a567c25b380687ce349b51
harmonized/mapspam/TOBA_harvested_area_ha.tif,pixels,a5270dec0ce414c5f1971376e7659e6c23f1b8b4e8f32d332a1027812b6cf1f9
harmonized/mapspam/TOBA_physical_area_ha.tif,pixels,26c0a439bb7e6af67141c4d18a750e76b0ed1e5e9681b393cee105cb77c8b559
harmonized/mapspam/TOBA_yield_kg_ha.tif,pixels,092dfe2e464338fcc4843f82f11217f0230ede32efa8c687b87567d2f61ccf64
harmonized/mapspam/TOMA_harvested_area_ha.tif,pixels,718378e75de4f5fc1afc3cf0b68143f24ed1ab4ee1c777c688e5a1e3a9bdc5c4
harmonized/mapspam/TOMA_physical_area_ha.tif,pixels,87cc69cc21c347ef9849600b477372358fe78b98607b0c59635eb47ba28e8692
harmonized/mapspam/TOMA_yield_kg_ha.tif,pixels,e378cee4186c46952fad70c3af898088126ffafa80c16e6ed24a0749870a294d
harmonized/mapspam/TROF_harvested_area_ha.tif,pixels,1e061ddd51db170daace4ba4aeb731b401e8fe5fdf7fe6f4622ef91754b85bf1
harmonized/mapspam/TROF_physical_area_ha.tif,pixels,fd7a3bdf298b2ed3950ce603bc57d25748a420fccca9f9573aed7d55df2d548b
harmonized/mapspam/TROF_yield_kg_ha.tif,pixels,a2523903636e956b5415361d10c2fbc7ba63393e70218c49fec9c4f3ed2a309c
harmonized/mapspam/VEGE_harvested_area_ha.tif,pixels,38006e9446504cfb0051f57673c98fe8dff551d19db93e9b5dc4c185e0399bd2
harmonized/mapspam/VEGE_physical_area_ha.tif,pixels,32586c3967c53e62e0f2ac06481f55a7f9f898af5d1f3d34b8aa172759578462
harmonized/mapspam/VEGE_yield_kg_ha.tif,pixels,123cfcd970d1f56334ee629ed999787343d09d7180bfbf1ed480bcb6dd702590
harmonized/mapspam/WHEA_harvested_area_ha.tif,pixels,2f610c9806dd196576bad6503d77eecee3337ec172c47903eb2ef102488639dc
harmonized/mapspam/WHEA_physical_area_ha.tif,pixels,14df64ea24d0ed8d61707eb52c087df5b11c697051df89d89315802247fb5c89
harmonized/mapspam/WHEA_yield_kg_ha.tif,pixels,3b5f5a50208184201cd1c6b5e25bf12c26ad8ff9e4bfe19cf9a28115bf5fd39c
harmonized/mapspam/YAMS_harvested_area_ha.tif,pixels,00d81ab69c8336d33e590e8bf3c8426217cd3e0bf91b29bcf1707c79d8c8b481
harmonized/mapspam/YAMS_physical_area_ha.tif,pixels,e5be9bf3c8f687cff72b769ac5338104e9f498eec91847a99cdb8094aa0e6107
harmonized/mapspam/YAMS_yield_kg_ha.tif,pixels,a142867552ff5d8911183009551fc23f4d740de603ab6606eeb87839aa4373b4
harmonized/native_plant_carbon_tc_ha.tif,pixels,6dbdb72b9a72861dd4dac7630229c4631678777311f6a9527b0e0e6e8717b5a8
harmonized/native_soil_a9_reverse/native_soil_annual_tc_ha.tif,pixels,460dd59dc3e8accfc5dc3e329603a1196893c489f2bb12274393bd7b2dfb53ae
harmonized/native_soil_a9_reverse/native_soil_perennial_tc_ha.tif,pixels,bf1d0e6fde4ce6465bcad478d040ba40a3ba6bc81e61a83770ef8764ace09aee
harmonized/soc_openlandmap_0-100cm_tc_ha.tif,pixels,a9e963b62b5426b8d935bc9e43a9527d62090bbdde24401be050c23034f8b442
results/per_ha/BANA_coc_perha_tco2_yr.tif,pixels,bab2247771cf50dfea1f5f7e743903d04a8403bee99661434c3475b71020d1b2
results/per_ha/BARL_coc_perha_tco2_yr.tif,pixels,b9cd8e3c0d48bcf028e533140e434cb5029589e5300a071498fbe23cb3a242ef
results/per_ha/BEAN_coc_perha_tco2_yr.tif,pixels,9cff6171aa86da88299f74452555b297d389201b91191eab1a63166b13f21925
results/per_ha/CASS_coc_perha_tco2_yr.tif,pixels,2e7307b26ef95ea6bedecc265f20a934e5cd9d9774c14a63b173dd82f9c4d685
results/per_ha/CHIC_coc_perha_tco2_yr.tif,pixels,e63d643d2a4b5e11f59dcf8d24157628195112e791f5fb1ae3ff42790f9ceb23
results/per_ha/CITR_coc_perha_tco2_yr.tif,pixels,7c4fb1f24b8ad2a53696fe7ceeda520732e39b8a905c2d03102d474df51abe0f
results/per_ha/CNUT_coc_perha_tco2_yr.tif,pixels,f61e39b6bd843baa408c0417d3084de121d78376c399624572ef4b81e02e12b1
results/per_ha/COCO_coc_perha_tco2_yr.tif,pixels,82cd519d678655293cb21cc2c9d6bb91c64694a999d3688195c37027dd5b4794
results/per_ha/COFF_coc_perha_tco2_yr.tif,pixels,b3d5851ecfae658ab66e38bc6094115bf970e032d060a3baddcce09fbadc5394
results/per_ha/COTT_coc_perha_tco2_yr.tif,pixels,f69ca073876b07ae620cdf565588b72efc19054b34cf9431c8ab35a90a1587c9
results/per_ha/COWP_coc_perha_tco2_yr.tif,pixels,fc5b6568b866860629a834a2f6994f06e2b4395650b6260ec03d9fd3782c4847
results/per_ha/GROU_coc_perha_tco2_yr.tif,pixels,2986c0defdf3aaba7e0f9fe7a41142f9a5374c55ce45c386bf226bf9c7ee7be5
results/per_ha/LENT_coc_perha_tco2_yr.tif,pixels,ca6c2c25dc895fe9059a6842d40e604f25bf7b2537f14ee0332ebae7fdf5a59c
results/per_ha/MAIZ_coc_perha_tco2_yr.tif,pixels,9486e6112efe83e22d67de32a8809799d7b4436b3c6a01f3d924b4fb0482bb98
results/per_ha/MILL_coc_perha_tco2_yr.tif,pixels,a50516a051dfd40d3c856bf40bb5ee0a2505c1303c351074864d9af524d688f2
results/per_ha/OCER_coc_perha_tco2_yr.tif,pixels,787a8c51057f8caa0048b555632c8a2a6bdb774472f3e4c5452f1a38360c7eee
results/per_ha/OFIB_coc_perha_tco2_yr.tif,pixels,4eb04b0bfd9da0af466b38600e2273f4e720fea048390eb024c1d21d1687e82f
results/per_ha/OILP_coc_perha_tco2_yr.tif,pixels,c323d6f1a164f42768149bc0261249d2bc50d64b8a5f8fba83abcafb5aa720dc
results/per_ha/ONIO_coc_perha_tco2_yr.tif,pixels,8d9c793811c7b844c430fdf2914a2171262a56c760775950662387007755734b
results/per_ha/OOIL_coc_perha_tco2_yr.tif,pixels,85ede08a4cded845638317fb736c6c4971f70aa173786e3ed679831f8ce892c2
results/per_ha/OPUL_coc_perha_tco2_yr.tif,pixels,91096381c940458e0433bc2b7ee8988b46c8be2b986a515ee88b0bb0b321457a
results/per_ha/ORTS_coc_perha_tco2_yr.tif,pixels,46c73a8ccea4198357300abfe8258c259409df56d16ca6f4be225d93430a371c
results/per_ha/PIGE_coc_perha_tco2_yr.tif,pixels,e4e821d3ddd2ca0445b91f51994348e0fa968d7c19f32e42095f7b64bb1975d8
results/per_ha/PLNT_coc_perha_tco2_yr.tif,pixels,cae6b255cff161f89039eb19b4fe05dfb58eea227e2d52066d3d610eedfbf217
results/per_ha/PMIL_coc_perha_tco2_yr.tif,pixels,54e2a6ac4dd6e72047b8ab2a3d11e472dd50a3ee53422f47699e6dd28a85cae3
results/per_ha/POTA_coc_perha_tco2_yr.tif,pixels,a52de655052b02a3d97b4ebd32f0f779e1e76fd72fd35f8078b9cb6927d5f4da
results/per_ha/RAPE_coc_perha_tco2_yr.tif,pixels,81566f2801797898cdf2709cd12df62be68073fb8823448e51896668f1a2e473
results/per_ha/RCOF_coc_perha_tco2_yr.tif,pixels,b3d5851ecfae658ab66e38bc6094115bf970e032d060a3baddcce09fbadc5394
results/per_ha/REST_coc_perha_tco2_yr.tif,pixels,e914b013831df301bdd19867712d9a4ef163af4150a209924b2c4a4d7341d1d1
results/per_ha/RICE_coc_perha_tco2_yr.tif,pixels,891f536792bff25c320b4ee3713694ed6d6b3642aa5bb5d43c5172e0d95d15a7
results/per_ha/RUBB_coc_perha_tco2_yr.tif,pixels,e98bd93473c5f8e85d553221a3899812828d29937167760812d9339d2feaf903
results/per_ha/SESA_coc_perha_tco2_yr.tif,pixels,f7098b6eeab95dd64aa9ae04f97353a90c3b8f2adee75d4b66ff3d36190a8e0f
results/per_ha/SORG_coc_perha_tco2_yr.tif,pixels,6222ba764a418b12f22dd45c566c770cdda6117fc0271ccd462571351df1c7b6
results/per_ha/SOYB_coc_perha_tco2_yr.tif,pixels,60d6c9bcd41de816bfd0ace311388473b5093173cfe81f1c5df150ca93936200
results/per_ha/SUGB_coc_perha_tco2_yr.tif,pixels,0044c99c66d282cc0729105c1d4b1263c4439d5bed83be5853cac21422415000
results/per_ha/SUGC_coc_perha_tco2_yr.tif,pixels,66ca1322043f80ccc06e4613be8f21babb6735af3fd6530b8486e5c3fa856a93
results/per_ha/SUNF_coc_perha_tco2_yr.tif,pixels,fd226e0f68e6c3fd21e8246590862f5bf0730d52685154e6dc9a413c8a9004ab
results/per_ha/SWPO_coc_perha_tco2_yr.tif,pixels,f5a40139a1977c48fa2e35c870d1ceb45ae46a04e7129858271ede67552c1f66
results/per_ha/TEAS_coc_perha_tco2_yr.tif,pixels,8ecd7074ca1642c51ae8fff026dcb323eadc3afdf3bbb635f81a04f39cc2dd08
results/per_ha/TEMF_coc_perha_tco2_yr.tif,pixels,312d4399d5cc9389da230664a37134f971646308ddfeb14ab7b69a32536a1c95
results/per_ha/TOBA_coc_perha_tco2_yr.tif,pixels,e914b013831df301bdd19867712d9a4ef163af4150a209924b2c4a4d7341d1d1
results/per_ha/TOMA_coc_perha_tco2_yr.tif,pixels,426ec12e74057cb6980d1551d4480e81d7f1467eb9ce48ce869689498f5bbf2e
results/per_ha/TROF_coc_perha_tco2_yr.tif,pixels,3f749882a72d99576a84d5783c823a415d390c37319202eb1fe151623f11412c
results/per_ha/VEGE_coc_perha_tco2_yr.tif,pixels,d038d508abe89c279119ae498ed3d8b8ff55050eff1c20384bb288e8eaa0098c
results/per_ha/WHEA_coc_perha_tco2_yr.tif,pixels,2c5e24883f58e737a421c606a2659c78900890eb5e12d2efd556a2a2aedbb34a
results/per_ha/YAMS_coc_perha_tco2_yr.tif,pixels,30429ab2af029564d0789d1670884f27aa2aa0811f2f09d8bde618c75772483b
results/per_tonne/BANA_coc_per_tonne_tco2_t.tif,pixels,3465b58b399d2cd5c913a10f520fd0f5086b964d6848926aa2d1d79c4c5a9207
results/per_tonne/BARL_coc_per_tonne_tco2_t.tif,pixels,bcf2570bf333272b1b1ef1d21d372f7c8bacf29e64960e071dbeeec281f1c4e4
results/per_tonne/BEAN_coc_per_tonne_tco2_t.tif,pixels,9f2a0d2f831a8375716a90c7eeba919a1fdf55f9a6f532d5b6c65103782f4b10
results/per_tonne/CASS_coc_per_tonne_tco2_t.tif,pixels,6a3304754fae85f8d406a4464678f3f06c61d9c7b7a73b9e706ce383841bebbb
results/per_tonne/CHIC_coc_per_tonne_tco2_t.tif,pixels,e12added95cc1ead094ee5c09a5f32f10207d7adc189a6271084e559f75e8b86
results/per_tonne/CITR_coc_per_tonne_tco2_t.tif,pixels,c71c0f28ee9e9855d9c35b99a54e7d3a5f1a205c1b4a16b4e128c717282e9ac8
results/per_tonne/CNUT_coc_per_tonne_tco2_t.tif,pixels,5a64eac6aca64444f1763041cc766bb0e01899d934db1a4dfc86c0ec800e30ae
results/per_tonne/COCO_coc_per_tonne_tco2_t.tif,pixels,311426f53a083fcea05c1858f394bafd435222b51eb4d076dc367627dbaa7fc3
results/per_tonne/COFF_coc_per_tonne_tco2_t.tif,pixels,28f82af5d4310c8afd838049c7208eeab4c5a57643680214fb47508b7130d51c
results/per_tonne/COTT_coc_per_tonne_tco2_t.tif,pixels,e17c3bfd106a0841a44cb69352d77c627529f23848d2bb75f1a571d4d122e98a
results/per_tonne/COWP_coc_per_tonne_tco2_t.tif,pixels,a5e338f13c76830b6d683b02d1da31bae9f7fb35ce26873912223d29ec6a36e7
results/per_tonne/GROU_coc_per_tonne_tco2_t.tif,pixels,5926260237ce5d0473091a51ed6a37b2c247de783c2908312d1ef59915f30ee4
results/per_tonne/LENT_coc_per_tonne_tco2_t.tif,pixels,253acc19964535fee886457648c401f2388b1345284d131855165f929f419f98
results/per_tonne/MAIZ_coc_per_tonne_tco2_t.tif,pixels,521693a2cf0d850acec0850feaa54e1afba12618aa90a7dea31c829e799ba586
results/per_tonne/MILL_coc_per_tonne_tco2_t.tif,pixels,080fc1cbd67fe3b7403c1c99a707151b9a63a93f49abc6f945b017ad4d026fad
results/per_tonne/OCER_coc_per_tonne_tco2_t.tif,pixels,f14334af6aa73bb7ab504251af650ec852cabf3bc7fed8279e10c405827d8560
results/per_tonne/OFIB_coc_per_tonne_tco2_t.tif,pixels,a59b2ec3b144fbff7075ca3a59e285bf332e9d445595f7f154117a0c7a7a606d
results/per_tonne/OILP_coc_per_tonne_tco2_t.tif,pixels,8e9f3496f245b5b96735cadd72e45aa7b9bd9fe42e420b0f02528c43d6f555d8
results/per_tonne/ONIO_coc_per_tonne_tco2_t.tif,pixels,65ada1523c64ddadcbb3fb94ee9c2fd2ac79505d01a5c92c2d09c82af65ea95f
results/per_tonne/OOIL_coc_per_tonne_tco2_t.tif,pixels,4c38478e628b5c6a41ec54a84c6618a72099c57fa3ceb1a7f640d19cf6e86a1a
results/per_tonne/OPUL_coc_per_tonne_tco2_t.tif,pixels,e2341ab731123940109206b107c46427184933901e23045c2e343a65288f4509
results/per_tonne/ORTS_coc_per_tonne_tco2_t.tif,pixels,0f22a2ad33c9c577f2354a8c0303a233f1df4536492d86651cda82ecf75cb75e
results/per_tonne/PIGE_coc_per_tonne_tco2_t.tif,pixels,dd51313dee55d1a20ecaf5e2cacc5bd1cb5c713f634e4454bbb9bdd470052e2d
results/per_tonne/PLNT_coc_per_tonne_tco2_t.tif,pixels,8d8e699b71ddeaaa68d4740b85b706af8aae4a6c3e51adc2c20add0efa2107f8
results/per_tonne/PMIL_coc_per_tonne_tco2_t.tif,pixels,4daeb9efb92cd0899ffed315052782beba27161ef608a4c3647782b17b7b41ba
results/per_tonne/POTA_coc_per_tonne_tco2_t.tif,pixels,f9096fd4ca60bd1eaa021c422ce92c200f2b04a52832fdc3defd98b23292c72e
results/per_tonne/RAPE_coc_per_tonne_tco2_t.tif,pixels,9b0c1085ff8f1e6391ffb6192d4e5879fc6895b71032b51d4181db2072449871
results/per_tonne/RCOF_coc_per_tonne_tco2_t.tif,pixels,aa2d601b1bbe7d74321737166faced6d23d9a4e9b3869aad1375ef8b020667ca
results/per_tonne/REST_coc_per_tonne_tco2_t.tif,pixels,57d47cad0e8bd15cc39ba18817b62b5e654fb53caad5af7fe7e0352af4aecdf4
results/per_tonne/RICE_coc_per_tonne_tco2_t.tif,pixels,ec2cf3ffc4765a4f8b8a51749fc3d3082f44ffd092b8036b665757de9823b16b
results/per_tonne/RUBB_coc_per_tonne_tco2_t.tif,pixels,d539562ee20539807ad9360932c6b8c0936ad2bd2363989a39feb1bba27880af
results/per_tonne/SESA_coc_per_tonne_tco2_t.tif,pixels,65cddcf29bd9cbab46aad9082bbeee6c4931d5759bbe9bd06e5834220a6e2c08
results/per_tonne/SORG_coc_per_tonne_tco2_t.tif,pixels,59a62182d7ae305a8a31cb00e535c9012f7df20bca9e47a29b1e6d09da741761
results/per_tonne/SOYB_coc_per_tonne_tco2_t.tif,pixels,18e975550e2eb5ad31b77e34d312f269af9da15b673c2fd8c03d6723de7afa68
results/per_tonne/SUGB_coc_per_tonne_tco2_t.tif,pixels,de70145e7a14240da81f88185dbcb2e2f9fb8a7b479a8d6204446e70d625903b
results/per_tonne/SUGC_coc_per_tonne_tco2_t.tif,pixels,06180176e4dc97efdc7bacbdf4a0e856fecb72037ad0b6d085d799a576156657
results/per_tonne/SUNF_coc_per_tonne_tco2_t.tif,pixels,a75b7dc7f040f9bbc1196d94b6d4595960e0d44ec0bfedb87379e0184c9d445d
results/per_tonne/SWPO_coc_per_tonne_tco2_t.tif,pixels,39e90631ad10b77fed069e33a6a5c6c3916f9ac11a9bc5303029982aaa324fb3
results/per_tonne/TEAS_coc_per_tonne_tco2_t.tif,pixels,c1de199598b576901136b96a77a125b39be4be7c2bf9672330a63d11b1f923c2
results/per_tonne/TEMF_coc_per_tonne_tco2_t.tif,pixels,95be8aab5546d45837d75273b46d2d2ebbaad1795ef453eef0f5aade560658ef
results/per_tonne/TOBA_coc_per_tonne_tco2_t.tif,pixels,d3ea83f0220dc1c1c6445e829ee413a7d7b702fed49aaf7cf9fb50342d37d36e
results/per_tonne/TOMA_coc_per_tonne_tco2_t.tif,pixels,cf1c6d9000cce67fd6c2b5f995ef5b3a2a44b0c6f27df0f952c4695d41aefc3a
results/per_tonne/TROF_coc_per_tonne_tco2_t.tif,pixels,7f3475008145bee05343d0e3574e0bd89a131c73df4a1cd4c392dc885d269505
results/per_tonne/VEGE_coc_per_tonne_tco2_t.tif,pixels,875961e56117552c2e1821efdb7be033765e49883583fef887b761b099a61567
results/per_tonne/WHEA_coc_per_tonne_tco2_t.tif,pixels,a0ff277c7306e9624fda4028923174d00882caf7e72338ba17b2c2a1772a4a9e
results/per_tonne/YAMS_coc_per_tonne_tco2_t.tif,pixels,e7748aa25b7c19d977f9c0303ddfcb38c51ce4bde118a770deb2fe7b17538ae6
results/total/BANA_coc_total_tco2_yr.tif,pixels,8d21a130bcc8cc22dbf8005014c985936063b825ee59c3af04b5ee387695b2a3
results/total/BARL_coc_total_tco2_yr.tif,pixels,77cd2dd2e214bdbaf42dde5e05e409c97b113bb268263341acc25699adf94af0
results/total/BEAN_coc_total_tco2_yr.tif,pixels,425389380aaaa8d7a86a497b35cc7e0223476aafde621534f889c35e5601fecd
results/total/CASS_coc_total_tco2_yr.tif,pixels,076ad39a4c414e6174106eddac5227c2228ff1173c72d6404b280687e0d99dc7
results/total/CHIC_coc_total_tco2_yr.tif,pixels,241e6d01924a17da1b538bd43cc8d21ddf33a4d3531565cb0b5299aa514cf42c
results/total/CITR_coc_total_tco2_yr.tif,pixels,46c8d4c22c60f616d58ad116729c7eed9f6f09271e03c460ae63a3a6d38c65ad
results/total/CNUT_coc_total_tco2_yr.tif,pixels,f09c3515fb121cf0c7c05787352005fe47f89a2c751d47289086feb169f9da52
results/total/COCO_coc_total_tco2_yr.tif,pixels,171c7aecd04cc8d9d986c76c21e3c24f0af8e58231245ebdaf053da911382843
results/total/COFF_coc_total_tco2_yr.tif,pixels,80f134403a46016efa8db4e3f24f20efffe830bcd53d9064de7917885dc554d2
results/total/COTT_coc_total_tco2_yr.tif,pixels,e29ecb0baaccdae7034c6c14272536c3d3b33ec01c9509c722afad3fb7fe9769
results/total/COWP_coc_total_tco2_yr.tif,pixels,de90d77655c5afdd3ddcc045bb080937f999089276c4a44df3a29895d8b762a5
results/total/GROU_coc_total_tco2_yr.tif,pixels,34715735b1e6608b6971e6815a610add7fba4a5272c5c560883abfe85b16907c
results/total/LENT_coc_total_tco2_yr.tif,pixels,f3452731ad4eef6083d5a67faa92e32da98844a1763f0cff927eeb35f98bcbf1
results/total/MAIZ_coc_total_tco2_yr.tif,pixels,0fc9cefacbf496d2e758e91bcb854a7d93f90d919596b9a8e11e05ed4664545e
results/total/MILL_coc_total_tco2_yr.tif,pixels,844dc44e662b0681551f3796cd0e7e09ed404c04036d3405ca4e98bbd6f9766b
results/total/OCER_coc_total_tco2_yr.tif,pixels,89ce984c5dcfb317e190dfbaeb5cee3c66e4822632fe6858d495ac3781fe995c
results/total/OFIB_coc_total_tco2_yr.tif,pixels,2de584cd2aefc777c51db27dc1321e2e959d264ea1a15437f8405b4739971f08
results/total/OILP_coc_total_tco2_yr.tif,pixels,ffb578dabad65512ce93227ef58312683bc80ee4c7eb22a00b92385a401cf86e
results/total/ONIO_coc_total_tco2_yr.tif,pixels,fa1767551ad2870f71a58104670e3539bc52d1e6badfbf32c3be617ec3acabe1
results/total/OOIL_coc_total_tco2_yr.tif,pixels,57902b1af4d9c62be25875348b28c21a1193ec695e58747987ff86d56bc42016
results/total/OPUL_coc_total_tco2_yr.tif,pixels,316b527926dfc5831f2fde5725d49fb345a33db55d0c79a4f1518caf18885c3b
results/total/ORTS_coc_total_tco2_yr.tif,pixels,d0c7e9840b827d537958a7487ee1d194d6a5f41b962ba633576cf3dc9931b774
results/total/PIGE_coc_total_tco2_yr.tif,pixels,69de8f74f29b089641e9c0d28697deef42fd186983a4bb94293a363cbf6de6de
results/total/PLNT_coc_total_tco2_yr.tif,pixels,1132346db04f81ea178c6e95da0307b8ddf4a7d107f328390702d0acd62a4458
results/total/PMIL_coc_total_tco2_yr.tif,pixels,806d98becc1d43cc806a351b52375de1ddd114806b9929c139d4336024360cf2
results/total/POTA_coc_total_tco2_yr.tif,pixels,893fdde50df30e837b9a1d2163b113ff522aebf6fdc31747fa13862a7d947523
results/total/RAPE_coc_total_tco2_yr.tif,pixels,f7c3bf646a4bb60afc690cce8368f66244d7681a42e95102bb683cde30547bbf
results/total/RCOF_coc_total_tco2_yr.tif,pixels,d93ac5e480d93f7fa17155197438c9a781180a8d7a2eaa2c3bdac44de242ee10
results/total/REST_coc_total_tco2_yr.tif,pixels,8514446c03586c06df6164990de0b3f7dfcc4f7fa04194301c24090ae7492d31
results/total/RICE_coc_total_tco2_yr.tif,pixels,fda5a9e48d76d20e9e2103b51fb67fedd5a22183420872113bc2c224cd60fa8c
results/total/RUBB_coc_total_tco2_yr.tif,pixels,ec8fc94bc6056149b74ddf5eb6d5e46dc437a9ccb4eec071b7bf374fedcd9766
results/total/SESA_coc_total_tco2_yr.tif,pixels,aa6bd61885498f1685112e55476171320d150f4d62f2b36b17d5bede84d3431f
results/total/SORG_coc_total_tco2_yr.tif,pixels,ac8ae906be2b1e42cf7561b75da57a507d1518dc8980ef436850221752f526c4
results/total/SOYB_coc_total_tco2_yr.tif,pixels,492ab0971086b19e25da3f95d10162cdaf75905532e4de657b6ce61b8c2096ed
results/total/SUGB_coc_total_tco2_yr.tif,pixels,bc23a464db9993207437fb05e8561d62d5eb19152f20b368babb52fe8ef7fe8f
results/total/SUGC_coc_total_tco2_yr.tif,pixels,2351be2fca31f709008cf878547a9d68bfe6548858c5ab4742a7b2a1f0e104fe
results/total/SUNF_coc_total_tco2_yr.tif,pixels,125051af58ee35daaeacac12be51f6a77b07d97b3ff3732bd158e547453be8d4
results/total/SWPO_coc_total_tco2_yr.tif,pixels,86898ea628631f9c85be79421af8d687e38418e8763c9726b9b395ae9f9221b2
results/total/TEAS_coc_total_tco2_yr.tif,pixels,9dffa04c8a7f7490d73745b63855d1190bb07c35f70cd806c2529fe79e2ff5ef
results/total/TEMF_coc_total_tco2_yr.tif,pixels,0fca9f2d3ec33f6722200817545bdd0ae65f4be8bd6510a9be1c150768dec028
results/total/TOBA_coc_total_tco2_yr.tif,pixels,7b095a9e18165d59deac9b2f2ba5f74184e0b28e9f355ecb7ab363e7c35c3c58
results/total/TOMA_coc_total_tco2_yr.tif,pixels,a95ecb46266c2df4ee7ccc0e1b5ecd885196f2402cfb80e09bf081b56065c1df
results/total/TROF_coc_total_tco2_yr.tif,pixels,74b3fbba43e3f11a94c60cf89f6bc773772e4b713ba053c12e05be9860cd3a51
results/total/VEGE_coc_total_tco2_yr.tif,pixels,0fa21f5c686503eae6e9921956c6ee680073075843e8856c38ae19e32940ea92
results/total/WHEA_coc_total_tco2_yr.tif,pixels,8b82e3b0b49b757a8a3d58edb245de27bab56a6970cef64a93ac6f66364819f4
results/total/YAMS_coc_total_tco2_yr.tif,pixels,97ca38200d86e270d4dc416229c371ab4d0c695bea5016a5d8fec00f133ace11
results/total_coc_tco2_yr.tif,pixels,991472400cf8e0dd2768d4fe082b0366788cb36f63e75bf7dffa4c9109729932
results/qc/coc_per_crop_summary.csv,file,17ccd343a40759788276b9660fc220abc37ba036edd7d73e28f540f6cd9f796c
results/qc/coc_coverage.csv,file,dbb8cf674b45d5e52f5d7431b6a1fd150a64002c78c36a99b5b759efb10edc1b
results/national/coc_by_crop_country.csv,file,2df13b7f5de642987de3a6e3d958383971b678bbfd7db526e310b34e984faf8d
results/national/coc_by_crop_region.csv,file,453fe91b72cd1c6580486d5396aa5d6af27922fd829507f2960bd47be8a4fda2
